Marca,Modelo,Versión
Ford,Ecosport,1.5 Freestyle 123cv 4x2
Ford,Ecosport,1.5 Titanium 123Cv 4X2
Ford,Ecosport,1.5 Se 123cv 4x2 Manual
Ford,Ecosport,1.5 Se 123cv 4x2 Automática
Ford,Ecosport,1.6 Se 110cv 4x2
Ford,Ecosport,2.0 Freestyle 143 4x4
Ford,Ecosport,2.0 Gdi Freestyle 170cv 4x4
Ford,Ecosport,1.6 Xl Plus
Ford,Ecosport,2.0 My10 Xlt Plus 4x2
Ford,Ecosport,2.0 My10 Xlt Plus 4wd 4x4
Ford,Ecosport,2.0 Titanium At
Ford,Ecosport,2.0 My10 Xls 4x2
Ford,Ecosport,1.5 Se 123cv 4x2
Ford,Ecosport,1.5 Titanium 123cv 4x2 Automática
Ford,Ecosport,2.0 Se 143cv 4x2
Ford,Ecosport,1.4 My10 Tdci Xls 4x2
Ford,Ecosport,2.0 Titanium Powershift 143cv 4x2
Ford,Ecosport,1.5 Titanium 123cv 4x2 Manual
Ford,Ecosport,2.0 Gdi Titanium 170cv 4x2
Ford,Ecosport,2.0 Titanium 143cv 4x2
Ford,Ecosport,Freestyle 1.6
Ford,Ecosport,2.0 Xlt Plus At 4x2
Ford,Ecosport,1.5 S 123cv 4x2
Ford,Ecosport,1.6 Titanium 110cv 4x2
Ford,Ecosport,1.6 S 110cv 4x2
Ford,Ecosport,1.5 D Se 100cv 4x2
Ford,Ecosport,1.6 My10 Xl Plus Mp3 4x2
Ford,Ecosport,2.0 Titanium Powershift 4x2 Dps6
Ford,Ecosport,1.6 My10 Xls 4x2 S/aa
Ford,Ecosport,1.6 S L13
Ford,Ecosport,1.6 Freestyle 110cv 4x2
Ford,Ecosport,1.4 Tdci Xls Mp3 4x2
Ford,Ecosport,SE 1.5 TDCI MT
Ford,Ecosport,1.5 TITANIUM AT
Ford,Ecosport,1.6 My10 Xls 4x2
Ford,Ecosport,1.4 Tdci Xls
Ford,Ecosport,1.6 Xl Plus Mp3 4x2
Ford,Ecosport,1.5 Se Tdci 90cv 4x2
Ford,Ecosport,1.6 Xls
Ford,Ecosport,1.6 Xls Gnc
Ford,Ecosport,1.5 Se
Ford,Ecosport,1.6 Xls Mp3 4x2
Ford,Ecosport,2.0 4x2 xlt low
Ford,Ecosport,Titanium 1.5 AT
Ford,Ecosport,2.0 Xlt Plus 4x2
Ford,Ecosport,2.0 Xls 4x2
Ford,Ecosport,2.0 Titanium
Ford,Ecosport,1.5 TITANIUM
Ford,Ecosport,2.0 Gdi Storm 170Cv 4X4
Ford,Ecosport,S
Ford,Ecosport,ECOSPORT TITANIUM 2.0L MT N
Ford,Ecosport,1.6 My10 Xls Plus 4x2
Ford,Ecosport,2.0 Xlt
Ford,Ecosport,2.0 Gdi Se 170cv 4x2
Ford,Ecosport,2.0 My10 Xlt Plus At 4x2
Ford,Ecosport,FREESTYLE 1.5L MT
Ford,Ecosport,2.0 TITANIUM AT L13
Ford,Ecosport,2.0 titanium automatico
Ford,Ecosport,1.5 Se 123cv 4x2 AT
Ford,Ecosport,2.0 Gdi 170cv 4x4 At
Ford,Ecosport,1.6L FREESTYLE
Ford,Ecosport,FREESTYLE
Ford,Ecosport,1.5 S L18
Ford,Ecosport,Titanium
Ford,Ecosport,1.6 My10 Freestyle 4x2
Ford,Ecosport,2.0 Titaniun At
Ford,Ecosport,1.4 Tdci Xl Plus Mp3 4x2
Ford,Ecosport,1.4 Tdci Xl Plus
Ford,Ecosport,titanium
Ford,Ecosport,TITANIUM 2.0L AT POWE
Ford,Ecosport,1.5 FREESTYLE L18
Ford,Ecosport,1.5 TDCI SE L18
Ford,Ecosport,SE 2.0L MT N
Ford,Ecosport,2.0 Xlt 4x4
Ford,Ecosport,XL Plus
Ford,Ecosport,2.0 SE AT L18
Ford,Ecosport,1.5 Se L18
Ford,Ecosport,2.0 4X4 FREESTYLE AT L18
Ford,Ecosport,2.0 Xlt 4x4 Plus
Ford,Ecosport,1.5 Se 4x2 Automática
Ford,Ecosport,1.5 S Tdci 90cv 4x2
Ford,Ecosport,1.6 Xls 4x2
Ford,Ecosport,2.0 TITANIUM L13
Ford,Ecosport,1.5 S
Ford,Ecosport,storm
Ford,Ecosport,1.6 Se
Ford,Ecosport,Se 1.5
Ford,Ecosport,1.5 FREESTY
Ford,Ecosport,1.5 SE AT L18
Ford,Ecosport,SE 1.5 MT
Ford,Ecosport,2.0 XLT PLUS 4x4
Ford,Ecosport,1.6 Xlt
Ford,Ecosport,1.6 L 4x2 XLS
Ford,Ecosport,2.0 Titanium At L18
Ford,Ecosport,SE 1.5
Ford,Ecosport,1.6 Xl Plus Gnc
Ford,Ecosport,Se 1.6l
Ford,Ecosport,1.5 Titanium 123Cv 4X2 aut ar
Ford,Ecosport,1.5 FREESTYLE L/18
Ford,Ecosport,2.0 TITANIUM AT L18
Ford,Ecosport,TITANIUM2.0L AT N
Ford,Ecosport,ECOSPORT SE 1.5L AT N
Ford,Ecosport,1.5 Freestyle 123cv 4x4
Ford,Ecosport,1.5 Titanium 123cv 4x2 Manual ar
Ford,Ecosport,1.6 Xls Seguridad
Ford,Ecosport,4x2 XL Plus 1.6
Ford,Ecosport,1.6 S
Ford,Ecosport,"1,5 Titanium Automática"
Ford,Ecosport,"1,6 L 4x2 XLS"
Ford,Ecosport,1.5 Titanium L18
