Marca,Modelo,Versi√≥n
Ford,Ecosport,freestyle
Ford,Ecosport,titanium
Ford,Ecosport,se
Ford,Ecosport,freestyle 143
Ford,Ecosport,gdi freestyle
Ford,Ecosport,xl plus
Ford,Ecosport,my10 xlt plus
Ford,Ecosport,my10 xls
Ford,Ecosport,my10 tdci xls
Ford,Ecosport,titanium powershift
Ford,Ecosport,gdi titanium
Ford,Ecosport,xlt plus
Ford,Ecosport,s
Ford,Ecosport,d se
Ford,Ecosport,my10 xl plus mp3
Ford,Ecosport,titanium powershift dps6
Ford,Ecosport,my10 xls s/aa
Ford,Ecosport,s l13
Ford,Ecosport,tdci xls mp3
Ford,Ecosport,se tdci
Ford,Ecosport,tdci xls
Ford,Ecosport,xl plus mp3
Ford,Ecosport,xls
Ford,Ecosport,xls gnc
Ford,Ecosport,xls mp3
Ford,Ecosport,xlt low
Ford,Ecosport,gdi storm
Ford,Ecosport,titanium n
Ford,Ecosport,my10 xls plus
Ford,Ecosport,xlt
Ford,Ecosport,gdi se
Ford,Ecosport,titanium l13
Ford,Ecosport,gdi
Ford,Ecosport,s l18
Ford,Ecosport,my10 freestyle
Ford,Ecosport,titaniun
Ford,Ecosport,tdci xl plus mp3
Ford,Ecosport,tdci xl plus
Ford,Ecosport,titanium powe
Ford,Ecosport,freestyle l18
Ford,Ecosport,tdci se l18
Ford,Ecosport,se n
Ford,Ecosport,se l18
Ford,Ecosport,s tdci
Ford,Ecosport,storm
Ford,Ecosport,freesty
Ford,Ecosport,titanium l18
Ford,Ecosport,xl plus gnc
Ford,Ecosport,titanium ar
Ford,Ecosport,freestyle l/
Ford,Ecosport,titanium2. n
Ford,Ecosport,xls seguridad
